{"epoch": [1, 2, 3, 4, 5, 6, 7, 8, 9, 10], "training_loss": [3.483169699756055, 1.9329027831960992, 1.2683462357456003, 0.8531112092741515, 0.6274777680513478, 0.47120060919089013, 0.38296706413934045, 0.3044611674874492, 0.2593451058949467, 0.21518922250306216], "validation_loss": [2.28422288667588, 1.447757641474406, 1.1237075158527918, 0.9774431784947714, 0.8784558205377488, 0.8477897715000879, 0.8182211007390704, 0.7807348711150033, 0.7752341032028198, 0.7610012605076745], "validation_accuracy": [39.57055214723926, 60.2760736196319, 68.55828220858896, 73.77300613496932, 75.61349693251533, 77.14723926380368, 79.60122699386503, 78.9877300613497, 79.9079754601227, 80.67484662576688]}