{"epoch": [1, 2, 3, 4, 5, 6, 7, 8, 9, 10, 11, 12, 13, 14, 15, 16, 17, 18, 19, 20], "training_loss": [4.4108216427520714, 4.40626113118774, 4.405766904760676, 4.405321299460542, 4.405469699901253, 4.40488198086477, 4.404779264416246, 4.404730606209207, 4.404894524349197, 4.404830633374223, 4.404791264709639, 4.404809674006692, 4.404552096722071, 4.40456236921261, 4.404710266795035, 4.404961314077755, 4.404896414133569, 4.404604466192394, 4.404666916897971, 4.405038250094384], "validation_loss": [4.410293942406064, 4.416429724012103, 4.415615240732829, 4.418193976084392, 4.417500223432269, 4.417724405016218, 4.418434052240281, 4.4182025364467075, 4.420523870558966, 4.419752915700276, 4.419520764123826, 4.421949182237897, 4.421639941987538, 4.427659693218413, 4.4240071432931085, 4.423691068376813, 4.420884472983224, 4.420989490690685, 4.422347613743374, 4.421254112606957], "validation_accuracy": [0.6134969325153374, 1.0736196319018405, 0.6134969325153374, 1.0736196319018405, 0.3067484662576687, 1.0736196319018405, 0.6134969325153374, 1.0736196319018405, 0.6134969325153374, 0.6134969325153374, 1.0736196319018405, 1.2269938650306749, 0.3067484662576687, 0.6134969325153374, 0.9202453987730062, 1.0736196319018405, 0.6134969325153374, 0.6134969325153374, 1.0736196319018405, 1.0736196319018405]}