{"epoch": [1, 2, 3, 4, 5, 6, 7, 8, 9, 10, 11, 12, 13, 14, 15, 16, 17, 18, 19, 20], "training_loss": [3.504378802942221, 1.9773972572766416, 1.3091534703847982, 0.9006396923595366, 0.6462262614158784, 0.49320272226166106, 0.3765878229825103, 0.3145439293271116, 0.26157257554475805, 0.22667261064535396, 0.19501422804946747, 0.17930032800639106, 0.14698984732757364, 0.1367009498806617, 0.12534395386217134, 0.11172155827273694, 0.09795688728752354, 0.09027472423153865, 0.08842603098772629, 0.0799873808060873], "validation_loss": [2.244961000624157, 1.5264846029735746, 1.1747974043800717, 0.9833932121594747, 0.8785452445348104, 0.8753456728799003, 0.7921215920221238, 0.7555216891424996, 0.7197140213989076, 0.7322214146455129, 0.7117255727450053, 0.6686300358601979, 0.7281359576043629, 0.6522683189028785, 0.699734859523319, 0.6904465407133102, 0.6967504656031018, 0.7090781985649041, 0.6760324878352029, 0.6952093775783267], "validation_accuracy": [39.7239263803681, 59.20245398773006, 69.32515337423312, 74.84662576687117, 74.38650306748467, 77.60736196319019, 78.9877300613497, 80.98159509202453, 83.12883435582822, 82.20858895705521, 81.74846625766871, 82.20858895705521, 81.74846625766871, 84.50920245398773, 82.97546012269939, 83.28220858895706, 84.20245398773007, 84.50920245398773, 84.20245398773007, 84.20245398773007]}