{"epoch": [1, 2, 3, 4, 5, 6, 7, 8, 9, 10], "training_loss": [4.409844341252055, 4.406700939631234, 4.40561442811037, 4.405286083767879, 4.404900472778904, 4.405127084271482, 4.404939477798233, 4.404805202275962, 4.404714003428919, 4.404812746451301], "validation_loss": [4.4162168729872935, 4.415618283408029, 4.415830294291179, 4.418708029247465, 4.419073150271461, 4.4192563238598055, 4.41901463554019, 4.41904692422776, 4.42109625680106, 4.42009315036592], "validation_accuracy": [0.7668711656441718, 0.7668711656441718, 0.6134969325153374, 1.0736196319018405, 1.0736196319018405, 0.6134969325153374, 1.0736196319018405, 1.0736196319018405, 1.0736196319018405, 1.0736196319018405]}