{"epoch": [1, 2, 3, 4, 5, 6, 7, 8, 9, 10], "training_loss": [2.0376188202086443, 0.6498518509518401, 0.3313153756510512, 0.23371123037419167, 0.1819222235358428, 0.14565425999284726, 0.13671377333424894, 0.12060647457679238, 0.11537100499309091, 0.0974809342843136], "validation_loss": [1.4320213567642939, 0.8742856652963729, 0.7823998800345829, 0.6819278739747547, 0.6685395269166856, 0.7050072238558814, 0.5365401513519741, 0.699588730931282, 0.7392054342088246, 0.5311882939367067], "validation_accuracy": [57.82208588957055, 73.92638036809817, 77.76073619631902, 78.68098159509202, 81.44171779141104, 80.8282208588957, 84.8159509202454, 82.36196319018404, 80.21472392638037, 84.04907975460122]}