{"epoch": [1, 2, 3, 4, 5, 6, 7, 8, 9, 10, 11, 12, 13, 14, 15, 16, 17, 18, 19, 20], "training_loss": [2.032041076423364, 0.6588558281224226, 0.3201890216090832, 0.22678119996194138, 0.17231132509377448, 0.15419187601325376, 0.13527851689944875, 0.11926978825379321, 0.10684533821375047, 0.09601067976758017, 0.0890829835574957, 0.09203809457526149, 0.07291327949306332, 0.07620576142462013, 0.06719104771425764, 0.062394635900618424, 0.05557657343595598, 0.05600015238725271, 0.054441019944865054, 0.06200262097104159], "validation_loss": [1.7505417324247814, 1.1356446856544131, 1.0009230077266693, 0.8998126288255056, 0.8634011206172761, 0.6339196374728566, 0.9834757418859572, 0.768846835408892, 0.7345162587506431, 0.7076310820522762, 0.701361038855144, 0.650448796649774, 0.6886337562685921, 0.7890504314785912, 0.8822476338772547, 0.7865505631835688, 0.7558732075350625, 0.687680487476644, 0.8214783629491216, 0.8004531931309473], "validation_accuracy": [49.38650306748466, 68.25153374233129, 73.31288343558282, 74.84662576687117, 78.52760736196319, 82.20858895705521, 76.38036809815951, 81.74846625766871, 80.98159509202453, 82.66871165644172, 84.04907975460122, 82.97546012269939, 81.28834355828221, 82.05521472392638, 80.8282208588957, 84.20245398773007, 82.51533742331289, 85.12269938650307, 82.20858895705521, 81.59509202453988]}