{"epoch": [1, 2, 3, 4, 5, 6, 7, 8, 9, 10, 11, 12, 13, 14, 15, 16, 17, 18, 19, 20], "training_loss": [3.8499409771876314, 2.846432800345011, 2.185155397059973, 1.6428826484641144, 1.2295892995669115, 0.9120874586241957, 0.6711623912618723, 0.5078167438019184, 0.37835678029271785, 0.2867829119646858, 0.2241947680183192, 0.17684437766528877, 0.13752196789661988, 0.11437387508054303, 0.09099554989136258, 0.07338927203400561, 0.05929241108861822, 0.05094794681648969, 0.0413130006637287, 0.035801570174521874], "validation_loss": [3.1916061469486783, 2.4978727159045993, 1.9748969361895607, 1.6123519511449904, 1.3234474545433408, 1.117079394204276, 0.971575106893267, 0.854598962125324, 0.7643358338446844, 0.7237422324362255, 0.6722904912063054, 0.6183950688157763, 0.5934326989310128, 0.558895461616062, 0.5332382619380951, 0.5133805246580214, 0.5013038700535184, 0.4781501271895, 0.45460460725284757, 0.46653543625559124], "validation_accuracy": [29.9079754601227, 50.4601226993865, 62.576687116564415, 70.5521472392638, 79.14110429447852, 81.44171779141104, 84.04907975460122, 85.7361963190184, 86.34969325153374, 87.11656441717791, 88.03680981595092, 89.2638036809816, 90.1840490797546, 90.95092024539878, 90.95092024539878, 91.25766871165644, 90.49079754601227, 90.49079754601227, 91.87116564417178, 91.41104294478528]}