{"epoch": [1, 2, 3, 4, 5, 6, 7, 8, 9, 10], "training_loss": [3.8639796307109715, 2.838457227566395, 2.1589861220259623, 1.6272442153823978, 1.2238242351342028, 0.9016872854219777, 0.6702819047813363, 0.5020369452514557, 0.3726114574794392, 0.2860003854942192], "validation_loss": [3.22902580669948, 2.502622365951538, 1.9713886295046126, 1.6125649781454177, 1.3391791525341215, 1.125070952233814, 0.9833053946495056, 0.8701135033652896, 0.7898754108519781, 0.7268688224610829], "validation_accuracy": [31.74846625766871, 50.15337423312884, 61.34969325153374, 70.5521472392638, 77.45398773006134, 81.59509202453988, 84.66257668711657, 86.04294478527608, 87.88343558282209, 87.42331288343559]}