{"epoch": [1, 2, 3, 4, 5, 6, 7, 8, 9, 10, 11, 12, 13, 14, 15, 16, 17, 18, 19, 20], "training_loss": [3.7637235750768228, 3.005984632575333, 2.6153793616314376, 2.2972246291367453, 2.025642682227724, 1.8237313416775056, 1.6346783338757525, 1.5090246916142525, 1.3678760404964099, 1.313863185792145, 1.2062363252551949, 1.1667554711092054, 1.1201435920323715, 1.0679604385917216, 1.0581503843870852, 1.0462391535061606, 1.0451201597714002, 0.9885398232432699, 0.9446723648787846, 0.9611300165786587], "validation_loss": [3.1374587899162654, 2.6935379845755443, 2.397419815971738, 2.2173997844968523, 2.0850389968781244, 1.9908380281357538, 2.004253762108939, 1.9256504263196672, 1.9577896878832863, 1.92292054494222, 1.8900250764120192, 1.9755420741580783, 2.0216639155433294, 1.9635334894770669, 2.099132674080985, 2.015892897333418, 1.9907375119981312, 2.1302626643862044, 2.002759030887059, 2.03801505338578], "validation_accuracy": [16.717791411042946, 26.533742331288344, 33.895705521472394, 39.57055214723926, 40.33742331288344, 48.15950920245399, 45.85889570552147, 49.5398773006135, 50.920245398773005, 54.29447852760736, 52.30061349693251, 53.68098159509202, 53.83435582822086, 52.91411042944785, 52.147239263803684, 54.60122699386503, 54.75460122699386, 55.52147239263804, 57.20858895705521, 56.59509202453988]}