{"epoch": [1, 2, 3, 4, 5, 6, 7, 8, 9, 10], "training_loss": [3.6145425493362655, 2.4224214539196125, 1.583678055020992, 0.9634686983705055, 0.6335039815953126, 0.46908966737505847, 0.37403324635707014, 0.30147411009883773, 0.27412996033783416, 0.23488623563881256], "validation_loss": [2.7252574421110607, 1.9795800844828289, 1.692334566797529, 1.5117935424759275, 1.5701467309679304, 1.4354464809099834, 1.437342731725602, 1.583088681811378, 1.3034977373622714, 1.4396100824787503], "validation_accuracy": [24.233128834355828, 43.40490797546012, 52.760736196319016, 60.88957055214724, 62.576687116564415, 66.41104294478528, 66.1042944785276, 66.71779141104294, 69.78527607361963, 65.95092024539878]}