{"epoch": [1, 2, 3, 4, 5, 6, 7, 8, 9, 10, 11, 12, 13, 14, 15, 16, 17, 18, 19, 20], "training_loss": [3.6217984905997533, 2.3850204375398434, 1.6004872335906244, 0.9961286210753583, 0.6378427820145515, 0.45324574019582015, 0.36190761875813526, 0.31683293876643476, 0.26547622607733756, 0.23165127763710153, 0.20684745327771564, 0.180582795260375, 0.17418932539949608, 0.14478848719528506, 0.14428839549272338, 0.13020543337927937, 0.12220019253627061, 0.1118168805071215, 0.10942209520809845, 0.10503901902231734], "validation_loss": [2.6580957004002164, 2.071299189612979, 1.7160676717758179, 1.7014783564068021, 1.5026153240885054, 1.4835129238310314, 1.4505624146688552, 1.584660998412541, 1.4022842127652395, 1.512096731435685, 1.477637909707569, 1.392864125115531, 1.4721370197477794, 1.5938778633163089, 1.4873918550355094, 1.4949598056929452, 1.4416799204690116, 1.4934795967170171, 1.451487619252432, 1.5446279644966125], "validation_accuracy": [25.766871165644172, 42.02453987730061, 53.83435582822086, 58.74233128834356, 63.65030674846626, 65.1840490797546, 67.17791411042944, 65.6441717791411, 69.1717791411043, 69.1717791411043, 69.1717791411043, 71.93251533742331, 71.47239263803681, 70.5521472392638, 70.5521472392638, 71.31901840490798, 71.16564417177914, 71.47239263803681, 73.00613496932516, 72.69938650306749]}