{"epoch": [1, 2, 3, 4, 5, 6, 7, 8, 9, 10], "training_loss": [4.416880121660427, 4.405319425288847, 4.404752074289777, 4.404417344362641, 4.404349983470339, 4.404210926565923, 4.404177267587201, 4.404163341730386, 4.404121547246207, 4.40411942652433], "validation_loss": [4.412955193292527, 4.414044743492489, 4.415774981180827, 4.420106365567162, 4.419053054991222, 4.418541658492315, 4.420864264170329, 4.419925508045015, 4.4210381507873535, 4.420405047280448], "validation_accuracy": [1.0736196319018405, 1.0736196319018405, 1.0736196319018405, 1.0736196319018405, 1.0736196319018405, 1.0736196319018405, 1.0736196319018405, 1.0736196319018405, 1.0736196319018405, 1.0736196319018405]}