{"epoch": [1, 2, 3, 4, 5, 6, 7, 8, 9, 10, 11, 12, 13, 14, 15, 16, 17, 18, 19, 20], "training_loss": [3.152253789758617, 1.940847852057682, 1.2053478751306157, 0.7244494837107796, 0.47829137951908135, 0.3509939263128811, 0.2745881955587848, 0.23063696702843148, 0.17740946204883096, 0.16357024144355872, 0.13706212677569782, 0.11946570294900286, 0.10412207681629781, 0.09801398966674875, 0.09426626409207042, 0.07367789989660048, 0.07792643397807628, 0.06892060835294345, 0.059719197018806396, 0.06378483141761014], "validation_loss": [2.4657345839909146, 1.78828303586869, 1.4201134954180037, 1.3203576973506383, 1.3644947778610956, 1.2337137687773931, 1.291579286257426, 1.0436831145059495, 0.8886713087558746, 1.305399097147442, 1.1480011358147575, 1.2307994280542647, 1.2024301631110055, 0.6860247240180061, 1.0247779431797208, 0.9430501872584933, 0.818473322050912, 1.1230928301811218, 0.9826937175932384, 0.7166281597954887], "validation_accuracy": [31.441717791411044, 51.99386503067485, 58.74233128834356, 59.20245398773006, 61.65644171779141, 64.87730061349693, 64.7239263803681, 70.0920245398773, 73.31288343558282, 65.49079754601227, 69.32515337423312, 65.6441717791411, 68.40490797546012, 78.83435582822086, 72.85276073619632, 74.079754601227, 76.99386503067484, 69.93865030674847, 72.69938650306749, 80.67484662576688]}