{"epoch": [1, 2, 3, 4, 5, 6, 7, 8, 9, 10, 11, 12, 13, 14, 15, 16, 17, 18, 19, 20], "training_loss": [3.034906234942875, 1.9368339245999169, 1.1940836188412622, 0.6865365660328819, 0.43843035484279164, 0.30403520047441024, 0.22338920198177656, 0.19262338655976652, 0.16861422669960727, 0.14067353611992414, 0.116015631255108, 0.11846442484756801, 0.09410324122052828, 0.0874386545125202, 0.08298665332502468, 0.07096433660982998, 0.07519606527641141, 0.06683043340404644, 0.05051111377384018, 0.06401061146227213], "validation_loss": [2.8558247884114585, 1.7145458516620455, 1.7807028463908605, 1.411519964536031, 1.280135330699739, 1.0875731025423323, 0.9411265921025049, 1.1467468795322238, 0.9184897286551339, 1.0142415251050676, 0.8744318740708488, 0.7951808146068028, 0.8152736581507183, 0.83565934357189, 0.9223610432375045, 0.9650640047731853, 0.799843559662501, 0.8719456579004016, 0.7536595790159135, 0.9410883174056098], "validation_accuracy": [26.380368098159508, 51.99386503067485, 48.92638036809816, 63.80368098159509, 66.41104294478528, 71.0122699386503, 74.23312883435582, 71.62576687116564, 74.38650306748467, 75.920245398773, 77.76073619631902, 81.59509202453988, 79.9079754601227, 80.3680981595092, 77.91411042944786, 77.14723926380368, 80.21472392638037, 79.9079754601227, 82.66871165644172, 78.83435582822086]}