{"epoch": [1, 2, 3, 4, 5, 6, 7, 8, 9, 10], "training_loss": [3.046637222841687, 1.9121149415696628, 1.1302042662853433, 0.6456110253218577, 0.40920266387082055, 0.2798094757429818, 0.2337063493951647, 0.18159484404989226, 0.16375196113163482, 0.12619710123448508], "validation_loss": [2.8783743495032903, 1.8058244841439384, 1.2340308058829534, 1.1971859960328965, 1.1773140941347395, 0.9391034131958371, 0.9814583786896297, 0.8152310216710681, 0.847483495871226, 0.9174950009300595], "validation_accuracy": [25.613496932515336, 46.93251533742331, 62.576687116564415, 66.71779141104294, 67.94478527607362, 73.77300613496932, 74.69325153374233, 76.99386503067484, 78.68098159509202, 76.07361963190183]}