{"epoch": [1, 2, 3, 4, 5, 6, 7, 8, 9, 10], "training_loss": [3.1263952408123146, 1.875056836078144, 1.1405416178182886, 0.6979012898541733, 0.488340405577039, 0.35362138082800587, 0.27510429532006686, 0.21977696402600647, 0.18901213823651228, 0.16515823639166957], "validation_loss": [2.4400729622159685, 1.9892690068199521, 1.6092989615031652, 1.561699872925168, 1.1053846350737981, 1.1677614791052682, 1.004934461343856, 1.3197317236945743, 0.8881804872126806, 1.2944399430638267], "validation_accuracy": [33.282208588957054, 46.31901840490798, 56.28834355828221, 54.29447852760736, 67.02453987730061, 66.1042944785276, 69.6319018404908, 61.50306748466258, 72.85276073619632, 62.11656441717791]}